Item,Price,cost,Type,ValidFrom,ValidTo,,,
J.W Black Label Btl,80,30,Btl,8/19/2021,9/16/2022,TRUE,Whisky,Blended
J.W Black Label Btl,90,32.892,Btl,9/17/2022,10/18/2023,TRUE,Whisky,Blended
J.W Black Label Btl,90,36.11,Btl,10/19/2023,12/26/2023,TRUE,Whisky,Blended
J.W Black Label Btl,90,33.09,Btl,12/27/2023,6/29/2024,TRUE,Whisky,Blended
J.W Black Label Btl,90,32.8703,Btl,6/30/2024,5/7/2025,TRUE,Whisky,Blended
J.W Black Label Btl,90,33.67,Btl,5/8/2025,12/31/2099,FALSE,Whisky,Blended
Woodford Reserved Btl,110,0,Btl,8/19/2021,5/25/2024,TRUE,Whisky,Blended
Woodford Reserved Btl,100,0,Btl,5/26/2024,12/31/2099,FALSE,Whisky,Blended
Tanqueray Btl,60,0,Btl,8/19/2021,10/28/2022,TRUE,Gin,Gin
Tanqueray Btl,65,0,Btl,10/29/2022,5/31/2023,TRUE,Gin,Gin
Tanqueray Btl,70,0,Btl,6/1/2023,12/31/2099,FALSE,Gin,Gin
Hendricks Btl,90,0,Btl,8/19/2021,6/2/2023,TRUE,Gin,Gin
Hendricks Btl,100,0,Btl,6/3/2023,12/26/2023,TRUE,Gin,Gin
Hendricks Btl,90,39.323,Btl,12/27/2023,2/29/2024,TRUE,Gin,Gin
Hendricks Btl,95,36.209,Btl,3/1/2024,12/31/2099,FALSE,Gin,Gin
Chivas Regal Xv - Btl,100,0,Btl,8/19/2021,11/18/2022,TRUE,Whisky,Blended
Chivas Regal Xv - Btl,110,0,Btl,11/19/2022,2/12/2024,TRUE,Whisky,Blended
Chivas Regal Xv - Btl,120,0,Btl,2/13/2024,12/31/2099,FALSE,Whisky,Blended
Bacardi Spiced.Btl,60,0,Btl,8/19/2021,11/24/2023,TRUE,Rum,Spiced
Bacardi Spiced.Btl,65,0,Btl,11/25/2023,6/25/2025,TRUE,Rum,Spiced
Bacardi Spiced.Btl,70,0,Btl,6/26/2025,12/31/2099,FALSE,Rum,Spiced
Buffalo Trace Btl,75,0,Btl,8/19/2021,3/30/2023,TRUE,Whisky,Blended
Buffalo Trace Btl,85,0,Btl,3/31/2023,8/14/2023,TRUE,Whisky,Blended
Buffalo Trace Btl,105,0,Btl,8/15/2023,12/31/2099,FALSE,Whisky,Blended
Tavernello Pinot Grigio-Btl,25,0,Btl,8/19/2021,12/31/2099,FALSE,Wine,White
Don Julio Reposado Btl,95,0,Btl,8/19/2021,10/20/2022,TRUE,Tequila,Reposado
Don Julio Reposado Btl,100,0,Btl,10/21/2022,6/3/2023,TRUE,Tequila,Reposado
Don Julio Reposado Btl,125,0,Btl,6/4/2023,1/9/2024,TRUE,Tequila,Reposado
Don Julio Reposado Btl,145,59.9,Btl,1/10/2024,12/31/2099,FALSE,Tequila,Reposado
Teeling - Btl,75,0,Btl,8/19/2021,8/6/2024,TRUE,Whisky,Single Malt
Teeling - Btl,80,0,Btl,8/7/2024,12/31/2099,FALSE,Whisky,Single Malt
Russian Standard Btl,50,0,Btl,8/19/2021,9/17/2022,TRUE,Vodka,Vodka
Russian Standard Btl,55,13.666,Btl,9/18/2022,2/5/2024,TRUE,Vodka,Vodka
Russian Standard Btl,55,14.47,Btl,2/6/2024,2/13/2025,TRUE,Vodka,Vodka
Russian Standard Btl,55,14.74074,Btl,2/14/2025,5/7/2025,TRUE,Vodka,Vodka
Russian Standard Btl,55,14.66,Btl,5/8/2025,5/30/2025,TRUE,Vodka,Vodka
Russian Standard Btl,55,0,Btl,5/31/2025,12/31/2099,FALSE,Vodka,Vodka
Bombay Btl,65,0,Btl,8/19/2021,9/21/2022,TRUE,Gin,Gin
Bombay Btl,70,25.773,Btl,9/22/2022,12/26/2024,TRUE,Gin,Gin
Bombay Btl,70,26.21,Btl,12/27/2024,2/13/2025,TRUE,Gin,Gin
Bombay Btl,70,0,Btl,2/14/2025,12/31/2099,FALSE,Gin,Gin
Glenfiddich 15 Btl,130,0,Btl,8/19/2021,6/3/2023,TRUE,Whisky,Single Malt
Glenfiddich 15 Btl,150,0,Btl,6/4/2023,1/8/2024,TRUE,Whisky,Single Malt
Glenfiddich 15 Btl,165,0,Btl,1/9/2024,12/31/2099,FALSE,Whisky,Single Malt
Ksara Merwah-Btl,42,0,Btl,8/19/2021,10/7/2022,TRUE,Wine,White
Ksara Merwah-Btl,45,0,Btl,10/8/2022,12/31/2099,FALSE,Wine,White
Danzante Pinot Grigio-Btl,37,0,Btl,8/19/2021,9/17/2022,TRUE,Wine,White
Danzante Pinot Grigio-Btl,40,0,Btl,9/18/2022,6/6/2023,TRUE,Wine,White
Danzante Pinot Grigio-Btl,45,17.36,Btl,6/7/2023,12/31/2099,FALSE,Wine,White
Jameson Btl,65,0,Btl,8/19/2021,12/31/2099,FALSE,Whisky,Blended
Bottega Rose 20 Cl-Btl,11,0,Btl,8/19/2021,9/18/2022,TRUE,Wine,Rose
Bottega Rose 20 Cl-Btl,12,0,Btl,9/19/2022,12/31/2099,FALSE,Wine,Rose
J.W Gold Reserve Btl,110,0,Btl,8/19/2021,9/21/2022,TRUE,Whisky,Blended
J.W Gold Reserve Btl,115,0,Btl,9/22/2022,6/17/2023,TRUE,Whisky,Blended
J.W Gold Reserve Btl,140,0,Btl,6/18/2023,1/15/2024,TRUE,Whisky,Blended
J.W Gold Reserve Btl,150,0,Btl,1/16/2024,12/31/2099,FALSE,Whisky,Blended
Santa Digna Sauvignon Blanc- Btl,38,0,Btl,8/19/2021,9/18/2022,TRUE,Wine,White
Santa Digna Sauvignon Blanc- Btl,40,0,Btl,9/19/2022,1/24/2024,TRUE,Wine,White
Santa Digna Sauvignon Blanc- Btl,50,15.429,Btl,1/25/2024,12/31/2099,FALSE,Wine,White
La Celia Malbec -Btl,40,0,Btl,8/19/2021,9/28/2022,TRUE,Wine,Red
La Celia Malbec -Btl,45,0,Btl,9/29/2022,12/31/2099,FALSE,Wine,Red
Jp Chanet Ice-Btl,35,0,Btl,8/19/2021,2/5/2024,TRUE,Wine,Sparkling
Jp Chanet Ice-Btl,37,12,Btl,2/6/2024,2/15/2025,TRUE,Wine,Sparkling
Jp Chanet Ice-Btl,37,0,Btl,2/16/2025,12/31/2099,FALSE,Wine,Sparkling
Jp Chanet Ice Rose-Btl,35,0,Btl,8/19/2021,1/12/2024,TRUE,Wine,Rose
Jp Chanet Ice Rose-Btl,37,0,Btl,1/13/2024,12/31/2099,FALSE,Wine,Rose
Louis Eschenauer Bordeaux-W-Btl,32,0,Btl,8/19/2021,9/22/2022,TRUE,Wine,White
Louis Eschenauer Bordeaux-W-Btl,35,0,Btl,9/23/2022,12/31/2099,FALSE,Wine,White
Glenfiddich 18 Btl,150,0,Btl,8/19/2021,12/21/2022,TRUE,Whisky,Single Malt
Glenfiddich 18 Btl,160,0,Btl,12/22/2022,10/8/2024,TRUE,Whisky,Single Malt
Glenfiddich 18 Btl,275,0,Btl,10/9/2024,12/31/2099,FALSE,Whisky,Single Malt
Chivas Regal 12Y.Btl,80,0,Btl,8/19/2021,9/16/2022,TRUE,Whisky,Blended
Chivas Regal 12Y.Btl,85,0,Btl,9/17/2022,5/31/2023,TRUE,Whisky,Blended
Chivas Regal 12Y.Btl,90,35.388,Btl,6/1/2023,10/18/2023,TRUE,Whisky,Blended
Chivas Regal 12Y.Btl,90,0,Btl,10/19/2023,12/26/2023,TRUE,Whisky,Blended
Chivas Regal 12Y.Btl,80,41.537,Btl,12/27/2023,1/21/2024,TRUE,Whisky,Blended
Chivas Regal 12Y.Btl,80,0,Btl,1/22/2024,2/28/2024,TRUE,Whisky,Blended
Chivas Regal 12Y.Btl,90,33.772,Btl,2/29/2024,6/29/2024,TRUE,Whisky,Blended
Chivas Regal 12Y.Btl,90,32.38,Btl,6/30/2024,5/30/2025,TRUE,Whisky,Blended
Chivas Regal 12Y.Btl,90,32.18,Btl,5/31/2025,12/31/2099,FALSE,Whisky,Blended
Bottega Proseco 20 Cl-Btl,11,0,Btl,8/19/2021,9/16/2022,TRUE,Wine,Sparkling
Bottega Proseco 20 Cl-Btl,12,0,Btl,9/17/2022,12/31/2099,FALSE,Wine,Sparkling
Tanqueray 10 Btl,80,0,Btl,8/19/2021,9/28/2022,TRUE,Gin,Gin
Tanqueray 10 Btl,85,0,Btl,9/29/2022,8/16/2023,TRUE,Gin,Gin
Tanqueray 10 Btl,90,0,Btl,8/17/2023,1/17/2024,TRUE,Gin,Gin
Tanqueray 10 Btl,100,0,Btl,1/18/2024,12/31/2099,FALSE,Gin,Gin
Gordons Dry Pink Btl,60,0,Btl,8/19/2021,3/16/2023,TRUE,Gin,Gin Pink
Gordons Dry Pink Btl,65,0,Btl,3/17/2023,12/31/2099,FALSE,Gin,Gin Pink
Beluga Noble Btl,85,0,Btl,8/19/2021,9/25/2022,TRUE,Vodka,Vodka
Beluga Noble Btl,90,0,Btl,9/26/2022,12/31/2099,FALSE,Vodka,Vodka
Patron Gold - Btl,90,0,Btl,8/19/2021,9/16/2022,TRUE,Tequila,Gold
Patron Gold - Btl,100,0,Btl,9/17/2022,12/3/2023,TRUE,Tequila,Gold
Patron Gold - Btl,120,0,Btl,12/4/2023,1/13/2024,TRUE,Tequila,Gold
Patron Gold - Btl,130,0,Btl,1/14/2024,12/31/2099,FALSE,Tequila,Gold
Ciroc Btl,85,0,Btl,8/19/2021,12/13/2022,TRUE,Vodka,Vodka
Ciroc Btl,90,0,Btl,12/14/2022,12/31/2099,FALSE,Vodka,Vodka
Russian Platinium  70 Btl,65,0,Btl,8/19/2021,12/31/2099,FALSE,Vodka,Vodka
Belvedere Btl,85,0,Btl,8/19/2021,10/21/2022,TRUE,Vodka,Vodka
Belvedere Btl,90,0,Btl,10/22/2022,10/4/2023,TRUE,Vodka,Vodka
Belvedere Btl,100,30.285,Btl,10/5/2023,12/31/2099,FALSE,Vodka,Vodka
Jameson Caskmates Ipa - Btl,75,0,Btl,8/19/2021,12/31/2099,FALSE,Whisky,Blended
Laroche Petit Chablis-Btl,65,0,Btl,8/19/2021,12/31/2099,FALSE,Wine,White
Jameson Caskmates Stout - Btl,75,0,Btl,8/19/2021,2/9/2024,TRUE,Whisky,Blended
Jameson Caskmates Stout - Btl,80,0,Btl,2/10/2024,12/31/2099,FALSE,Whisky,Blended
Long Mountain Cabernet -Btl,32,0,Btl,8/19/2021,1/8/2023,TRUE,Wine,Red
Long Mountain Cabernet -Btl,35,13.12,Btl,1/9/2023,10/30/2023,TRUE,Wine,Red
Long Mountain Cabernet -Btl,35,0,Btl,10/31/2023,1/11/2024,TRUE,Wine,Red
Long Mountain Cabernet -Btl,37,12.305,Btl,1/12/2024,6/30/2024,TRUE,Wine,Red
Long Mountain Cabernet -Btl,37,12.3,Btl,7/1/2024,12/31/2099,FALSE,Wine,Red
Aberfeldy 16Y. Btl,110,0,Btl,8/19/2021,9/20/2022,TRUE,Whisky,Single Malt
Aberfeldy 16Y. Btl,120,0,Btl,9/21/2022,6/15/2023,TRUE,Whisky,Single Malt
Aberfeldy 16Y. Btl,140,0,Btl,6/16/2023,12/31/2099,FALSE,Whisky,Single Malt
Grey Goose Btl,85,0,Btl,8/19/2021,10/9/2023,TRUE,Vodka,Vodka
Grey Goose Btl,100,30.759,Btl,10/10/2023,12/31/2099,FALSE,Vodka,Vodka
Sipsmith  Btl,75,0,Btl,8/19/2021,10/12/2022,TRUE,Gin,Gin
Sipsmith  Btl,80,0,Btl,10/13/2022,6/13/2023,TRUE,Gin,Gin
Sipsmith  Btl,90,0,Btl,6/14/2023,12/31/2099,FALSE,Gin,Gin
J.W Double Black Btl,90,0,Btl,8/19/2021,10/20/2022,TRUE,Whisky,Blended
J.W Double Black Btl,100,0,Btl,10/21/2022,6/2/2023,TRUE,Whisky,Blended
J.W Double Black Btl,110,0,Btl,6/3/2023,1/18/2024,TRUE,Whisky,Blended
J.W Double Black Btl,120,0,Btl,1/19/2024,12/31/2099,FALSE,Whisky,Blended
Jr Classic Rose- Btl,22,0,Btl,8/19/2021,1/13/2024,TRUE,Wine,Rose
Jr Classic Rose- Btl,29,0,Btl,1/14/2024,12/31/2099,FALSE,Wine,Rose
Jameson 1 Liter Btl,75,0,Btl,8/19/2021,12/31/2099,FALSE,Whisky,Blended
Deep Eddy Btl,45,0,Btl,8/19/2021,9/24/2022,TRUE,Vodka,Vodka
Deep Eddy Btl,50,0,Btl,9/25/2022,12/31/2099,FALSE,Vodka,Vodka
Ksara Chateau- Btl,35,0,Btl,8/19/2021,12/31/2099,FALSE,Wine,Red
Jr Classic Chardonay-Btl,22,0,Btl,8/19/2021,12/31/2099,FALSE,Wine,White
Aultmore 12Y. Btl,90,0,Btl,8/19/2021,12/31/2099,FALSE,Whisky,Single Malt
Whispering Angel- Btl,45,0,Btl,8/19/2021,10/25/2022,TRUE,Wine,Rose
Whispering Angel- Btl,55,0,Btl,10/26/2022,6/12/2023,TRUE,Wine,Rose
Whispering Angel- Btl,60,0,Btl,6/13/2023,1/25/2024,TRUE,Wine,Rose
Whispering Angel- Btl,65,0,Btl,1/26/2024,12/31/2099,FALSE,Wine,Rose
Ketel One Btl,70,0,Btl,8/19/2021,12/28/2022,TRUE,Vodka,Vodka
Ketel One Btl,75,0,Btl,12/29/2022,11/13/2023,TRUE,Vodka,Vodka
Ketel One Btl,80,0,Btl,11/14/2023,12/31/2099,FALSE,Vodka,Vodka
Titos Handmade Btl,55,0,Btl,8/19/2021,9/19/2022,TRUE,Vodka,Vodka
Titos Handmade Btl,60,0,Btl,9/20/2022,12/31/2099,FALSE,Vodka,Vodka
Danzanti Chianti-Btl,37,0,Btl,8/19/2021,10/11/2022,TRUE,Wine,Red
Danzanti Chianti-Btl,40,0,Btl,10/12/2022,7/1/2023,TRUE,Wine,Red
Danzanti Chianti-Btl,45,0,Btl,7/2/2023,12/31/2099,FALSE,Wine,Red
Santa Digna Carmenere-Btl,38,0,Btl,8/19/2021,9/17/2022,TRUE,Wine,Red
Santa Digna Carmenere-Btl,40,0,Btl,9/18/2022,1/16/2024,TRUE,Wine,Red
Santa Digna Carmenere-Btl,50,15.827,Btl,1/17/2024,12/31/2099,FALSE,Wine,Red
Bottega Millesimato Brut-Btl,30,0,Btl,8/19/2021,9/17/2022,TRUE,Wine,Sparkling
Bottega Millesimato Brut-Btl,35,0,Btl,9/18/2022,12/31/2099,FALSE,Wine,Sparkling
Jr Reserved Merlot- Btl,26,0,Btl,8/19/2021,12/31/2099,FALSE,Wine,Red
Long Mountain Chardonnay-W-Btl,32,0,Btl,8/19/2021,1/10/2023,TRUE,Wine,Red
Long Mountain Chardonnay-W-Btl,35,0,Btl,1/11/2023,1/9/2024,TRUE,Wine,Red
Long Mountain Chardonnay-W-Btl,37,12.3,Btl,1/10/2024,9/30/2024,TRUE,Wine,Red
Long Mountain Chardonnay-W-Btl,37,0,Btl,10/1/2024,12/31/2099,FALSE,Wine,Red
Chivas Regal Extra- Btl,95,0,Btl,8/19/2021,12/11/2022,TRUE,Whisky,Blended
Chivas Regal Extra- Btl,100,0,Btl,12/12/2022,12/31/2099,FALSE,Whisky,Blended
Jose Cuervo Silver Btl,50,0,Btl,8/19/2021,9/17/2022,TRUE,Tequila,Silver
Jose Cuervo Silver Btl,55,0,Btl,9/18/2022,12/31/2099,FALSE,Tequila,Silver
Jose Cuervo Gold Btl,55,0,Btl,8/19/2021,10/9/2022,TRUE,Tequila,Gold
Jose Cuervo Gold Btl,60,0,Btl,10/10/2022,6/6/2023,TRUE,Tequila,Gold
Jose Cuervo Gold Btl,65,0,Btl,6/7/2023,1/24/2024,TRUE,Tequila,Gold
Jose Cuervo Gold Btl,70,0,Btl,1/25/2024,12/31/2099,FALSE,Tequila,Gold
Patron Cafe - Btl,75,0,Btl,8/19/2021,12/31/2099,FALSE,Tequila,Café
Ksara Carignan-Btl,35,0,Btl,8/19/2021,12/10/2022,TRUE,Wine,Red
Ksara Carignan-Btl,40,0,Btl,12/11/2022,6/19/2023,TRUE,Wine,Red
Ksara Carignan-Btl,45,0,Btl,6/20/2023,12/31/2099,FALSE,Wine,Red
Santa Digna Rose-Btl,38,0,Btl,8/19/2021,9/21/2022,TRUE,Wine,Rose
Santa Digna Rose-Btl,40,0,Btl,9/22/2022,12/31/2099,FALSE,Wine,Rose
Glenfiddich 12 Btl,110,0,Btl,8/19/2021,6/2/2023,TRUE,Whisky,Single Malt
Glenfiddich 12 Btl,125,0,Btl,6/3/2023,12/26/2023,TRUE,Whisky,Single Malt
Glenfiddich 12 Btl,110,0,Btl,12/27/2023,2/29/2024,TRUE,Whisky,Single Malt
Glenfiddich 12 Btl,125,0,Btl,3/1/2024,12/31/2099,FALSE,Whisky,Single Malt
Jr Reserved Cabernet- Btl,26,0,Btl,8/19/2021,12/31/2099,FALSE,Wine,Red
Bottega Pink Gold-Btl,55,0,Btl,8/19/2021,12/31/2099,FALSE,Wine,Sparkling
Jr Classic Shiraz- Btl,22,0,Btl,8/19/2021,1/13/2024,TRUE,Wine,Red
Jr Classic Shiraz- Btl,29,0,Btl,1/14/2024,12/31/2099,FALSE,Wine,Red
Patron Silver Btl,90,0,Btl,8/19/2021,6/2/2023,TRUE,Tequila,Silver
Patron Silver Btl,110,0,Btl,6/3/2023,1/9/2024,TRUE,Tequila,Silver
Patron Silver Btl,120,0,Btl,1/10/2024,12/31/2099,FALSE,Tequila,Silver
Tavernello Chianti -Btl,25,0,Btl,8/19/2021,12/31/2099,FALSE,Wine,Red
Macallan  Btl,130,0,Btl,8/19/2021,9/28/2022,TRUE,Whisky,Single Malt
Macallan  Btl,150,0,Btl,9/29/2022,6/3/2023,TRUE,Whisky,Single Malt
Macallan  Btl,160,0,Btl,6/4/2023,12/31/2099,FALSE,Whisky,Single Malt
J&B Rare Btl,65,0,Btl,8/19/2021,9/27/2022,TRUE,Whisky,Blended
J&B Rare Btl,75,19.376,Btl,9/28/2022,12/31/2099,FALSE,Whisky,Blended
Olmeca Gold- Btl,45,0,Btl,8/19/2021,9/20/2022,TRUE,Tequila,Gold
Olmeca Gold- Btl,55,0,Btl,9/21/2022,6/2/2023,TRUE,Tequila,Gold
Olmeca Gold- Btl,60,0,Btl,6/3/2023,12/31/2023,TRUE,Tequila,Gold
Olmeca Gold- Btl,55,0,Btl,1/1/2024,3/6/2024,TRUE,Tequila,Gold
Olmeca Gold- Btl,65,0,Btl,3/7/2024,12/31/2099,FALSE,Tequila,Gold
Jameson  75 Btl,65,0,Btl,8/19/2021,9/16/2022,TRUE,Whisky,Blended
Jameson  75 Btl,70,0,Btl,9/17/2022,12/26/2023,TRUE,Whisky,Blended
Jameson  75 Btl,55,26.686,Btl,12/27/2023,2/28/2024,TRUE,Whisky,Blended
Jameson  75 Btl,70,0,Btl,2/29/2024,4/15/2024,TRUE,Whisky,Blended
Jameson  75 Btl,80,0,Btl,4/16/2024,6/11/2024,TRUE,Whisky,Blended
Jameson  75 Btl,75,23.426,Btl,6/12/2024,6/29/2024,TRUE,Whisky,Blended
Jameson  75 Btl,75,23.853,Btl,6/30/2024,7/31/2024,TRUE,Whisky,Blended
Jameson  75 Btl,75,20.19,Btl,8/1/2024,4/27/2025,FALSE,Whisky,Blended
Escudo Rojo Reserva Cabernet -Btl,50,0,Btl,8/19/2021,10/7/2022,TRUE,Wine,Red
Escudo Rojo Reserva Cabernet -Btl,55,0,Btl,10/8/2022,7/24/2023,TRUE,Wine,Red
Escudo Rojo Reserva Cabernet -Btl,60,0,Btl,7/25/2023,12/31/2099,FALSE,Wine,Red
Bacardi White.Btl,60,0,Btl,8/19/2021,7/16/2023,TRUE,Rum,White
Bacardi White.Btl,65,0,Btl,7/17/2023,1/9/2024,TRUE,Rum,White
Bacardi White.Btl,70,0,Btl,1/10/2024,12/31/2099,FALSE,Rum,White
Jr Classic Chard-Btl,22,0,Btl,8/19/2021,1/8/2024,TRUE,Wine,White
Jr Classic Chard-Btl,29,0,Btl,1/9/2024,12/31/2099,FALSE,Wine,White
Mistral Pink Btl,70,32,Btl,8/19/2021,12/31/2099,FALSE,Gin,Gin
Chivas Regal 18 Y Btl,130,0,Btl,8/19/2021,9/26/2022,TRUE,Whisky,Blended
Chivas Regal 18 Y Btl,140,0,Btl,9/27/2022,6/5/2023,TRUE,Whisky,Blended
Chivas Regal 18 Y Btl,150,0,Btl,6/6/2023,12/27/2023,TRUE,Whisky,Blended
Chivas Regal 18 Y Btl,130,69.486,Btl,12/28/2023,3/3/2024,TRUE,Whisky,Blended
Chivas Regal 18 Y Btl,150,0,Btl,3/4/2024,12/31/2099,FALSE,Whisky,Blended
Captain Morgan Spiced.Btl,70,0,Btl,8/19/2021,1/14/2024,TRUE,Rum,Spiced
Captain Morgan Spiced.Btl,80,0,Btl,1/15/2024,12/31/2099,FALSE,Rum,Spiced
Gibsons-Btl,60,0,Btl,8/19/2021,12/31/2099,FALSE,Gin,Gin
Bushmills Original Btl,70,0,Btl,8/19/2021,12/31/2099,FALSE,Whisky,Blended
Marquese De Riscal-R-Btl,35,0,Btl,8/19/2021,7/29/2023,TRUE,Wine,Red
Marquese De Riscal-R-Btl,40,0,Btl,7/30/2023,1/8/2024,TRUE,Wine,Red
Marquese De Riscal-R-Btl,45,0,Btl,1/9/2024,12/31/2099,FALSE,Wine,Red
Stolichnaya Glod.Btl,60,0,Btl,8/19/2021,1/9/2024,TRUE,Vodka,Vodka
Stolichnaya Glod.Btl,65,0,Btl,1/10/2024,12/31/2099,FALSE,Vodka,Vodka
Legend Of Kermalin Btl,85,0,Btl,8/19/2021,3/9/2024,TRUE,Vodka,Vodka
Legend Of Kermalin Btl,100,0,Btl,3/10/2024,12/31/2099,FALSE,Vodka,Vodka
Captain Morgan Wh.Btl,70,0,Btl,8/19/2021,5/8/2025,TRUE,Rum,White
Captain Morgan Wh.Btl,80,0,Btl,5/9/2025,12/31/2099,FALSE,Rum,White
Clase Azul Plate- Btl,200,0,Btl,8/19/2021,9/3/2024,TRUE,Tequila,Silver
Clase Azul Plate- Btl,225,0,Btl,9/4/2024,12/31/2099,FALSE,Tequila,Silver
1800 Silver - Btl,70,0,Btl,8/19/2021,9/20/2022,TRUE,Tequila,Silver
1800 Silver - Btl,75,0,Btl,9/21/2022,8/8/2023,TRUE,Tequila,Silver
1800 Silver - Btl,90,0,Btl,8/9/2023,12/31/2099,FALSE,Tequila,Silver
Jameson Black Barrel - Btl,95,0,Btl,8/19/2021,12/31/2099,FALSE,Whisky,Blended
Jack Daniels Btl,65,0,Btl,8/19/2021,12/31/2099,FALSE,Whisky,Blended
Dermishanbo Irish - Btl,70,0,Btl,8/19/2021,10/16/2022,TRUE,Whisky,Blended
Dermishanbo Irish - Btl,80,0,Btl,10/17/2022,12/14/2023,TRUE,Whisky,Blended
Dermishanbo Irish - Btl,90,0,Btl,12/15/2023,4/10/2024,TRUE,Whisky,Blended
Dermishanbo Irish - Btl,100,0,Btl,4/11/2024,12/31/2099,FALSE,Whisky,Blended
Marques De Riscal Bianco-W-Btl,42,0,Btl,8/19/2021,9/26/2022,TRUE,Wine,White
Marques De Riscal Bianco-W-Btl,45,0,Btl,9/27/2022,12/31/2099,FALSE,Wine,White
Louis Eschenauer-R-Btl,32,0,Btl,8/19/2021,9/27/2022,TRUE,Wine,Red
Louis Eschenauer-R-Btl,35,0,Btl,9/28/2022,12/31/2099,FALSE,Wine,Red
Olmeca Silver- Btl,45,0,Btl,8/19/2021,9/19/2022,TRUE,Tequila,Silver
Olmeca Silver- Btl,55,0,Btl,9/20/2022,6/4/2023,TRUE,Tequila,Silver
Olmeca Silver- Btl,60,0,Btl,6/5/2023,12/27/2023,TRUE,Tequila,Silver
Olmeca Silver- Btl,55,0,Btl,12/28/2023,2/29/2024,TRUE,Tequila,Silver
Olmeca Silver- Btl,65,0,Btl,3/1/2024,12/31/2099,FALSE,Tequila,Silver
Sainta Emilion-Btl,50,0,Btl,8/19/2021,10/21/2022,TRUE,Wine,Red
Sainta Emilion-Btl,60,0,Btl,10/22/2022,6/7/2024,TRUE,Wine,Red
Sainta Emilion-Btl,65,0,Btl,6/8/2024,12/31/2099,FALSE,Wine,Red
Patron Reposado- Btl,95,0,Btl,8/19/2021,8/22/2023,TRUE,Tequila,Reposado
Patron Reposado- Btl,120,0,Btl,8/23/2023,1/10/2024,TRUE,Tequila,Reposado
Patron Reposado- Btl,135,0,Btl,1/11/2024,12/31/2099,FALSE,Tequila,Reposado
1800 Reposado- Btl,85,0,Btl,8/19/2021,6/7/2023,TRUE,Tequila,Reposado
1800 Reposado- Btl,100,0,Btl,6/8/2023,12/31/2099,FALSE,Tequila,Reposado
J.W Aged 18Y-Btl,150,0,Btl,8/19/2021,11/25/2022,TRUE,Whisky,Blended
J.W Aged 18Y-Btl,160,0,Btl,11/26/2022,12/31/2099,FALSE,Whisky,Blended
Beluga Transatlantic- Btl,100,0,Btl,8/19/2021,4/28/2024,TRUE,Vodka,Vodka
Beluga Transatlantic- Btl,110,0,Btl,4/29/2024,12/31/2099,FALSE,Vodka,Vodka
Moet&Chandon-Btl,95,0,Btl,8/19/2021,11/1/2022,TRUE,Wine,Sparkling
Moet&Chandon-Btl,110,0,Btl,11/2/2022,6/20/2023,TRUE,Wine,Sparkling
Moet&Chandon-Btl,120,0,Btl,6/21/2023,12/31/2099,FALSE,Wine,Sparkling
Los Vascos-Btl,50,0,Btl,8/19/2021,12/31/2099,FALSE,Wine,Red
Dermishanbo Ceramic - Btl,70,0,Btl,8/19/2021,12/31/2099,FALSE,Gin,Gin
Gordons Btl,60,0,Btl,8/19/2021,12/31/2099,FALSE,Gin,Gin
Jim Beam Btl,60,0,Btl,8/19/2021,12/31/2099,FALSE,Whisky,Blended
Balintines 12 Btl,65,0,Btl,8/19/2021,1/31/2024,TRUE,Whisky,Blended
Balintines 12 Btl,60,0,Btl,2/1/2024,12/31/2099,FALSE,Whisky,Blended
Smirnoff Red Btl,45,0,Btl,8/19/2021,3/11/2023,TRUE,Vodka,Vodka
Smirnoff Red Btl,50,0,Btl,3/12/2023,12/31/2099,FALSE,Vodka,Vodka
Oyster Bay Sauv Bianc-Btl,50,0,Btl,8/19/2021,6/19/2023,TRUE,Wine,White
Oyster Bay Sauv Bianc-Btl,55,0,Btl,6/20/2023,12/31/2099,FALSE,Wine,White
Chateauneuf Du Pape-Btl,70,0,Btl,8/19/2021,6/14/2023,TRUE,Wine,Red
Chateauneuf Du Pape-Btl,75,0,Btl,6/15/2023,12/31/2099,FALSE,Wine,Red
Sarmientos Sauvignon-Btl,30,0,Btl,8/19/2021,12/31/2099,FALSE,Wine,White
Jagermeister - Btl,70,0,Btl,8/19/2021,5/23/2023,TRUE,Liqueur,Liqueur
Jagermeister - Btl,80,0,Btl,5/24/2023,12/31/2099,FALSE,Liqueur,Liqueur
J.W Red Label Btl,65,0,Btl,8/19/2021,12/31/2099,FALSE,Whisky,Blended
Santa Margherita Prosecco-Btl,40,0,Btl,8/19/2021,1/17/2024,TRUE,Wine,Sparkling
Santa Margherita Prosecco-Btl,48,0,Btl,1/18/2024,12/31/2099,FALSE,Wine,Sparkling
Torresella Merlot-Btl,30,0,Btl,8/19/2021,6/1/2023,TRUE,Wine,Red
Torresella Merlot-Btl,35,0,Btl,6/2/2023,1/12/2024,TRUE,Wine,Red
Torresella Merlot-Btl,36,0,Btl,1/13/2024,12/31/2099,FALSE,Wine,Red
Susana Balbo W Blend-Btl,55,0,Btl,8/19/2021,6/6/2023,TRUE,Wine,White
Susana Balbo W Blend-Btl,60,0,Btl,6/7/2023,12/31/2099,FALSE,Wine,White
Santa Margherita Rose- Btl,40,0,Btl,8/19/2021,9/12/2023,TRUE,Wine,Rose
Santa Margherita Rose- Btl,50,0,Btl,9/13/2023,1/19/2024,TRUE,Wine,Rose
Santa Margherita Rose- Btl,48,0,Btl,1/20/2024,12/31/2099,FALSE,Wine,Rose
Santa Margherita Chianti-Btl,45,0,Btl,8/19/2021,6/2/2023,TRUE,Wine,Red
Santa Margherita Chianti-Btl,50,0,Btl,6/3/2023,1/8/2024,TRUE,Wine,Red
Santa Margherita Chianti-Btl,49,18.066,Btl,1/9/2024,12/31/2099,FALSE,Wine,Red
Don Julio Anejo Btl,100,0,Btl,8/19/2021,11/1/2022,TRUE,Tequila,Anejo
Don Julio Anejo Btl,110,0,Btl,11/2/2022,6/4/2023,TRUE,Tequila,Anejo
Don Julio Anejo Btl,130,0,Btl,6/5/2023,1/8/2024,TRUE,Tequila,Anejo
Don Julio Anejo Btl,155,59.2,Btl,1/9/2024,12/31/2099,FALSE,Tequila,Anejo
Susana Balbo Sig Rose- Btl,55,0,Btl,8/19/2021,11/29/2023,TRUE,Wine,Rose
Susana Balbo Sig Rose- Btl,60,0,Btl,11/30/2023,12/29/2024,TRUE,Wine,Rose
Susana Balbo Sig Rose- Btl,59,0,Btl,12/30/2024,12/31/2099,FALSE,Wine,Rose
Diplomatico -Reserva-Btl,90,0,Btl,8/19/2021,12/31/2099,FALSE,Rum,Dark
Clase Azul Repos- Btl,250,0,Btl,8/19/2021,7/5/2023,TRUE,Tequila,Reposado
Clase Azul Repos- Btl,280,0,Btl,7/6/2023,12/31/2099,FALSE,Tequila,Reposado
Glenmorangie - Btl,115,0,Btl,8/19/2021,6/3/2023,TRUE,Whisky,Single Malt
Glenmorangie - Btl,120,0,Btl,6/4/2023,1/20/2024,TRUE,Whisky,Single Malt
Glenmorangie - Btl,125,0,Btl,1/21/2024,12/31/2099,FALSE,Whisky,Single Malt
Vdv Ice Rose 20 Cl-Btl,11,0,Btl,8/19/2021,12/31/2099,FALSE,Wine,Sparkling
Sarmientos Merlot-Btl,30,0,Btl,8/19/2021,1/14/2025,TRUE,Wine,Red
Sarmientos Merlot-Btl,38,10.875,Btl,1/15/2025,12/31/2099,FALSE,Wine,Red
Torresella Pinot Grigio-Btl,30,0,Btl,8/19/2021,12/31/2099,FALSE,Wine,White
Gentelmaen Jack Btl,100,0,Btl,8/19/2021,12/31/2099,FALSE,Whisky,Blended
J&B Reserve 15Y  Btl,110,0,Btl,8/19/2021,12/31/2099,FALSE,Whisky,Blended
Vdv Ice Brut 20 Cl-Btl,11,0,Btl,8/19/2021,12/31/2099,FALSE,Wine,Sparkling
Evan Williams  Btl,55,0,Btl,8/19/2021,8/8/2024,TRUE,Whisky,Blended
Evan Williams  Btl,65,0,Btl,8/9/2024,12/31/2099,FALSE,Whisky,Blended
Grand Regnard Chablis-Btl,85,0,Btl,8/19/2021,6/16/2023,TRUE,Wine,White
Grand Regnard Chablis-Btl,90,0,Btl,6/17/2023,12/31/2099,FALSE,Wine,White
J.W Black Label 1 L /Btl,90,0,Btl,8/19/2021,12/31/2099,FALSE,Whisky,Blended
Glenlivet 70 Cl /Btl,110,0,Btl,8/19/2021,6/4/2023,TRUE,Whisky,Single Malt
Glenlivet 70 Cl /Btl,120,0,Btl,6/5/2023,1/21/2024,TRUE,Whisky,Single Malt
Glenlivet 70 Cl /Btl,125,0,Btl,1/22/2024,12/31/2099,FALSE,Whisky,Single Malt
Teq.Herradura Anejo Btl,110,0,Btl,8/19/2021,12/31/2099,FALSE,Tequila,Anejo
Bushmills Black Bush Btl,75,0,Btl,8/19/2021,12/31/2099,FALSE,Whisky,Blended
Susana Balbo Malbec -Btl,55,0,Btl,8/19/2021,8/5/2023,TRUE,Wine,Red
Susana Balbo Malbec -Btl,60,0,Btl,8/6/2023,1/26/2024,TRUE,Wine,Red
Susana Balbo Malbec -Btl,59,0,Btl,1/27/2024,12/31/2099,FALSE,Wine,Red
Teq.Herradura Plata.Btl,90,0,Btl,8/19/2021,3/13/2024,TRUE,Tequila,Silver
Teq.Herradura Plata.Btl,120,0,Btl,3/14/2024,8/14/2024,TRUE,Tequila,Silver
Teq.Herradura Plata.Btl,110,0,Btl,8/15/2024,12/31/2099,FALSE,Tequila,Silver
Monkey Shoulder. Btl,95,0,Btl,8/19/2021,1/14/2024,TRUE,Whisky,Single Malt
Monkey Shoulder. Btl,90,0,Btl,1/15/2024,12/31/2099,FALSE,Whisky,Single Malt
Famous. Btl,65,0,Btl,8/19/2021,12/31/2099,FALSE,Whisky,Blended
Jack Danials S Barel.Btl,90,0,Btl,8/19/2021,12/31/2099,FALSE,Whisky,Blended
Kamiki Japanese Btl,100,0,Btl,8/19/2021,12/31/2099,FALSE,Whisky,Japanese
Tequila Anejo 1800- Btl,100,30.55,Btl,8/19/2021,12/31/2099,FALSE,Tequila,Anejo
Beefeater / Btl,60,22.559,Btl,8/19/2021,12/28/2023,TRUE,Gin,Gin
Beefeater / Btl,55,0,Btl,12/29/2023,3/5/2024,TRUE,Gin,Gin
Beefeater / Btl,60,21.111,Btl,3/6/2024,12/31/2099,FALSE,Gin,Gin
Hennessy Vsop Btl,215,0,Btl,8/19/2021,12/31/2099,FALSE,Cognac,Cognac
Springfield Sauvignon Blanc 75Cl-Btl,60,0,Btl,8/19/2021,12/31/2099,FALSE,Wine,White
Skyy Btl,45,0,Btl,8/19/2021,12/31/2099,FALSE,Vodka,Vodka
Neethlingshof Malbec 75Cl-Btl,60,0,Btl,8/19/2021,12/31/2099,FALSE,Wine,Red
Arak Haddad Btl,35,11.485,Btl,8/19/2021,7/13/2023,TRUE,Arak,Arak
Arak Haddad Btl,35,10.815,Btl,7/14/2023,7/31/2024,TRUE,Arak,Arak
Arak Haddad Btl,35,12.192,Btl,8/1/2024,12/31/2099,FALSE,Arak,Arak
J.W Black Label 50 Cl /Btl,50,0,Btl,8/19/2021,12/31/2099,FALSE,Whisky,Blended
Stolichnaya Red 75Cl/Btl,50,0,Btl,8/19/2021,9/16/2022,TRUE,Vodka,Vodka
Stolichnaya Red 75Cl/Btl,55,0,Btl,9/17/2022,12/31/2099,FALSE,Vodka,Vodka
Bombay Bramble Btl,68,0,Btl,8/19/2021,2/15/2023,TRUE,Gin,Gin
Bombay Bramble Btl,73,0,Btl,2/16/2023,12/31/2099,FALSE,Gin,Gin
Gin Mare Btl,90,0,Btl,8/19/2021,12/31/2099,FALSE,Gin,Gin
J.W Blue Label Btl,250,0,Btl,8/19/2021,12/31/2099,FALSE,Whisky,Blended
Jack Danials Fire- Btl,75,0,Btl,8/19/2021,12/31/2099,FALSE,Whisky,Blended
Rose Tarabaca-Btl,30,0,Btl,8/19/2021,12/31/2099,FALSE,Wine,Rose
Lamberti Pinot Grigio-Btl,35,10.57,Btl,8/19/2021,10/19/2023,TRUE,Wine,White
Lamberti Pinot Grigio-Btl,35,11.081,Btl,10/20/2023,11/22/2023,TRUE,Wine,White
Lamberti Pinot Grigio-Btl,35,10.49,Btl,11/23/2023,12/28/2023,TRUE,Wine,White
Lamberti Pinot Grigio-Btl,37,10.506,Btl,12/29/2023,12/31/2099,FALSE,Wine,White
Lamberti Merlot-Btl,35,0,Btl,8/19/2021,12/26/2023,TRUE,Wine,Red
Lamberti Merlot-Btl,37,10.562,Btl,12/27/2023,12/31/2099,FALSE,Wine,Red
Torresella Rose-Btl,30,0,Btl,8/19/2021,5/31/2023,TRUE,Wine,Rose
Torresella Rose-Btl,35,0,Btl,6/1/2023,12/31/2099,FALSE,Wine,Rose
Haymans Btl,70,0,Btl,8/19/2021,12/8/2022,TRUE,Gin,Gin
Haymans Btl,55,0,Btl,12/9/2022,6/5/2023,TRUE,Gin,Gin
Haymans Btl,65,0,Btl,6/6/2023,12/31/2099,FALSE,Gin,Gin
Glenmor 14Y Btl,160,0,Btl,8/19/2021,12/31/2099,FALSE,Whisky,Single Malt
Jose Cuervo Silver Btl70Cl,55,0,Btl,8/19/2021,6/3/2023,TRUE,Tequila,Silver
Jose Cuervo Silver Btl70Cl,65,25.016,Btl,6/4/2023,4/29/2024,TRUE,Tequila,Silver
Jose Cuervo Silver Btl70Cl,70,23.45,Btl,4/30/2024,2/12/2025,TRUE,Tequila,Silver
Jose Cuervo Silver Btl70Cl,70,22.806,Btl,2/13/2025,12/31/2099,FALSE,Tequila,Silver
Jose Cuervo Silver Btl100Cl,85,30,Btl,8/19/2021,12/31/2099,#REF!,Tequila,Silver
Torresella P.Grigio-Btl,30,0,Btl,8/19/2021,5/31/2023,TRUE,Wine,White
Torresella P.Grigio-Btl,35,0,Btl,6/1/2023,1/11/2024,TRUE,Wine,White
Torresella P.Grigio-Btl,36,10.202,Btl,1/12/2024,12/31/2099,FALSE,Wine,White
Santa Rita Sauvignon Blanc- Btl,28,0,Btl,8/19/2021,12/31/2099,FALSE,Wine,White
Chelsea Royal Btl,90,0,Btl,8/19/2021,7/17/2023,TRUE,Gin,Gin
Chelsea Royal Btl,65,0,Btl,7/18/2023,12/31/2099,FALSE,Gin,Gin
Iwai Japanese Btl,100,0,Btl,8/19/2021,12/31/2099,FALSE,Whisky,Japanese
West Cork - Btl,75,0,Btl,8/19/2021,12/31/2099,FALSE,Whisky,Blended
Santa Rita Cabernet 75Cl-Btl,28,0,Btl,8/19/2021,12/31/2099,FALSE,Wine,Red
Poesie Pinot Grigio-Btl,35,10.183,Btl,8/19/2021,1/18/2024,TRUE,Wine,White
Poesie Pinot Grigio-Btl,37,0,Btl,1/19/2024,12/31/2099,FALSE,Wine,White
Russian Gold Btl,60,23,Btl,8/19/2021,12/31/2099,FALSE,Vodka,Vodka
Hennessy Vs Btl,150,0,Btl,8/19/2021,12/31/2099,FALSE,Cognac,Cognac
Jr Sparking Rose-Btl,28,0,Btl,8/19/2021,12/31/2099,FALSE,Wine,Rose
Jr Sparking Brut-Btl,28,0,Btl,8/19/2021,12/31/2099,FALSE,Wine,Sparkling
Poesie Merlot-Btl,35,0,Btl,8/19/2021,1/16/2024,TRUE,Wine,Red
Poesie Merlot-Btl,37,0,Btl,1/17/2024,12/31/2099,FALSE,Wine,Red
Don Julio Bianco Btl,110,0,Btl,8/19/2021,4/14/2023,TRUE,Tequila,Silver
Don Julio Bianco Btl,120,0,Btl,4/15/2023,1/8/2024,TRUE,Tequila,Silver
Don Julio Bianco Btl,135,0,Btl,1/9/2024,12/31/2099,FALSE,Tequila,Silver
Havana Club - Btl,60,0,Btl,8/19/2021,12/31/2099,FALSE,Rum,Dark
Poesie Rose-Btl,35,0,Btl,8/19/2021,12/31/2099,FALSE,Wine,Rose
Beefeater / Btl100Cl,36.5,0,Btl,8/19/2021,12/31/2099,FALSE,Gin,Gin
Absolute Btl100Cl,50,32,Btl,8/19/2021,12/31/2099,FALSE,Vodka,Vodka
Glenmor 12Y Btl,140,0,Btl,8/19/2021,12/31/2099,#REF!,Whisky,Single Malt
Veuve Rose 20 Cl-Btl,12,0,Btl,8/19/2021,12/31/2099,FALSE,Wine,Sparkling
Lunardi Merlot-Btl,35,9.17,Btl,8/19/2021,1/9/2024,TRUE,Wine,Red
Lunardi Merlot-Btl,36,9.17,Btl,1/10/2024,12/31/2099,FALSE,Wine,Red
Lunardi P.Grigio-Btl,35,9.176,Btl,8/19/2021,1/8/2024,TRUE,Wine,White
Lunardi P.Grigio-Btl,36,9.176,Btl,1/9/2024,12/31/2099,FALSE,Wine,White
Red Label Btl 100,75,0,Btl,8/19/2021,12/31/2099,FALSE,Whisky,Blended
Veuve Ice 20 Cl-Btl,12,0,Btl,8/19/2021,12/31/2099,FALSE,Wine,Sparkling
J.W Red Label Btl 75,65,0,Btl,8/19/2021,1/9/2024,TRUE,Whisky,Blended
J.W Red Label Btl 75,75,0,Btl,1/10/2024,12/31/2099,FALSE,Whisky,Blended
Mastikha - Btl,65,0,Btl,8/19/2021,12/31/2099,FALSE,Liqueur,Liqueur
Oyster Bay Pinot-Btl,59,0,Btl,8/19/2021,12/31/2099,FALSE,Wine,White
Avion Gold Btl,110,0,Btl,8/19/2021,5/27/2024,TRUE,Tequila,Gold
Avion Gold Btl,125,0,Btl,5/28/2024,12/31/2099,FALSE,Tequila,Gold
B&G Tourmaline Rose Btl,45,16.125,Btl,8/19/2021,12/31/2099,#REF!,Wine,Rose
B&G St Emilion Btl,59,0,Btl,8/19/2021,12/31/2099,FALSE,Wine,Red
Castillo De Molina Shiras Btl,49,0,Btl,8/19/2021,12/31/2099,FALSE,Wine,Red
Komos Anejo Cris Btl,260,0,Btl,8/19/2021,12/31/2099,FALSE,Tequila,Anejo
B&G Chardonnay-Btl,69,0,Btl,8/19/2021,12/31/2099,FALSE,Wine,White
Chivas Regal 13Y.Btl,140,0,Btl,8/19/2021,12/31/2099,FALSE,Whisky,Blended
Komos Reposado Btl,210,0,Btl,8/19/2021,12/31/2099,FALSE,Tequila,Reposado
Avion Silver Btl,110,0,Btl,8/19/2021,12/31/2099,FALSE,Tequila,Silver
Teq.Herradura Ultra Anejo Btl,170,0,Btl,8/19/2021,12/31/2099,FALSE,Tequila,Anejo
Teq.Herradura Legend Btl,250,0,Btl,8/19/2021,12/31/2099,FALSE,Tequila,Anejo
Castillo De Molina White Btl,49,17.25,Btl,8/19/2021,12/31/2099,FALSE,Wine,White
Black Barrel - Btl,90,0,Btl,8/19/2021,12/31/2099,FALSE,Whisky,Blended
Beefeater Pink Btl,60,0,Btl,8/19/2021,12/31/2099,FALSE,Gin,Gin Pink
Jack Daniels Honey Btl,75,0,Btl,8/19/2021,12/31/2099,FALSE,Whisky,Blended
Herradura Reposado Btl,130,0,Btl,8/19/2021,8/21/2024,TRUE,Tequila,Reposado
Herradura Reposado Btl,120,0,Btl,8/22/2024,12/31/2099,FALSE,Tequila,Reposado
Maison Castel-Btl,85,0,Btl,8/19/2021,12/31/2099,FALSE,Wine,Red
Absolute Btl,50,0,Btl,8/19/2021,12/31/2099,#REF!,Vodka,Vodka
Gin Roku Btl,100,0,Btl,8/19/2021,12/31/2099,#REF!,Gin,Gin Japanese
